#node	identifier	domain_summary_url	annotation	other_names_and_aliases
Aco2	10090.ENSMUSP00000023116	Aconitate hydratase, mitochondrial; Catalyzes the isomerization of citrate to isocitrate via cis- aconitate; Belongs to the aconitase/IPM isomerase family.	https://smart.embl.de/smart/DDvec.cgi?smart=780:Pfam_Aconitase(67|503)+Pfam_Aconitase_C(582|712)+	11429,4.2.1.3,A0A2R8VHM8,A0A2R8VJM1,A0A2R8VJW0,A0A2R8W744,AAH04645.1,AAH94462.1,AC102103,ACON_MOUSE,AK143917,AK144207,AK145511,AK150027,AK165411,Aco-2,Aco2,Aco2-201,Aco2-202,Aco2-203,Aco2-204,Aco2-205,Aco2-206,Aco2-207,Aco2-208,Aco2-209,Aco3,Aconitase,Aconitase 2, mitochondrial,Aconitate hydratase,Aconitate hydratase, mitochondrial,BAE25602.1,BAE25770.1,BAE26479.1,BAE29252.1,BAE38169.1,BC004645,BC094462,CCDS27675.1,Citrate hydro-lyase,D10Wsu183e,EC 4.2.1.3,ENSMUSG00000022477,ENSMUSP00000023116,ENSMUSP00000154821,ENSMUSP00000154939,ENSMUSP00000155234,ENSMUSP00000155818,ENSMUST00000023116,ENSMUST00000023116.6,ENSMUST00000126352,ENSMUST00000126352.7,ENSMUST00000135198,ENSMUST00000135198.1,ENSMUST00000144324,ENSMUST00000144324.1,ENSMUST00000155704,ENSMUST00000155704.1,ENSMUST00000157003,ENSMUST00000157003.7,ENSMUST00000229068,ENSMUST00000229068.1,ENSMUST00000231075,ENSMUST00000231075.1,ENSMUST00000231091,ENSMUST00000231091.1,MGI:87880,NM_080633,NM_080633.2,NP_542364,NP_542364.1,Q3UDK9,Q3ULG9,Q3UNH7,Q505P4,Q99KI0,R-MMU-1428517,R-MMU-1430728,R-MMU-71403,R-MMU-71406,UPI0000027B09,UPI00001E9AD6,UPI0000473C98,UPI000D190D6F,UPI000D191B2F,mmu:11429,uc007wxp.1
Atp7b	10090.ENSMUSP00000006742	Copper-transporting ATPase 2; Copper ion transmembrane transporter involved in the export of copper out of the cells, such as the efflux of hepatic copper into the bile.	https://smart.embl.de/smart/DDvec.cgi?smart=1462:Pfam_HMA(71|132)+Pfam_HMA(156|217)+Pfam_HMA(271|329)+Pfam_HMA(364|425)+Pfam_HMA(493|554)+Pfam_HMA(569|630)+TRANS(656|675)+TRANS(690|712)+TRANS(733|755)+TRANS(765|782)+Pfam_E1-E2_ATPase(799|1007)+Pfam_Hydrolase_3(1243|1308)+TRANS(1322|1344)+	11979,7.2.2.8,AAC52852.1,AC163439,AL590619,ATP7B_MOUSE,ATPase, Cu++ transporting, beta polypeptide,Atp7a,Atp7b,Atp7b-201,Atp7b-202,B1AQ56,B1AQ57,CCDS22168.1,CH466580,Copper pump 2,Copper-transporting ATPase 2,EC 7.2.2.8,EDL32910.1,ENSMUSG00000006567,ENSMUSP00000006742,ENSMUSP00000106366,ENSMUST00000006742,ENSMUST00000006742.10,ENSMUST00000110738,ENSMUST00000110738.2,MGI:103297,NM_007511,NM_007511.2,NP_031537,NP_031537.2,P-type Cu+ transporter,Q64446,R-MMU-382551,R-MMU-936837,R-MMU-983712,U38477,UPI0000020F9D,UPI0000EE049D,WND,Wilson disease-associated protein homolog,Wilson protein,Wnd,XM_006509007,XM_006509007.3,XM_017312538,XM_017312538.1,XP_006509070,XP_006509070.1,XP_017168027,XP_017168027.1,XR_378777,XR_378777.3,mmu:11979,tx,uc009lck.1
Dbt	10090.ENSMUSP00000000349	2-oxoisovalerate dehydrogenase E2 component (dihydrolipoyl transacylase); The branched-chain alpha-keto dehydrogenase complex catalyzes the overall conversion of alpha-keto acids to acyl-CoA and CO(2). It contains multiple copies of three enzymatic components: branched-chain alpha-keto acid decarboxylase (E1), lipoamide acyltransferase (E2) and lipoamide dehydrogenase (E3). Within this complex, the catalytic function of this enzyme is to accept, and to transfer to coenzyme A, acyl groups that are generated by the branched-chain alpha-keto acid decarboxylase component.	https://smart.embl.de/smart/DDvec.cgi?smart=482:Pfam_Biotin_lipoyl(65|138)+Pfam_E3_binding(171|206)+Pfam_2-oxoacid_dh(248|479)+	13171,2.3.1.168,A0A0G2JGU0,A0A0G2JGV4,AAC37681.1,AC025622,AK165959,BAE38487.1,BCKAD E2,BCKAD-E2,BCKADE2,CCDS17787.1,CH466532,D3Wsu60e,Dbt,Dbt-201,Dbt-202,Dbt-203,Dbt-204,Dihydrolipoamide branched chain transacylase,Dihydrolipoamide branched chain transacylase E2,EC 2.3.1.168,EDL12381.1,ENSMUSG00000000340,ENSMUSP00000000349,ENSMUSP00000143696,ENSMUSP00000143713,ENSMUST00000000349,ENSMUST00000000349.10,ENSMUST00000196376,ENSMUST00000196376.1,ENSMUST00000197201,ENSMUST00000197201.4,ENSMUST00000199614,ENSMUST00000199614.1,L42996,MGI:105386,NM_001357344,NM_001357344.1,NM_010022,NM_010022.3,NP_001344273,NP_001344273.1,NP_034152,NP_034152.2,ODB2_MOUSE,P53395,Q3TMF5,R-MMU-1430728,R-MMU-389661,R-MMU-70895,R-MMU-71291,UPI0000020A89,UPI000620A9A3,UPI000620AA47,XM_006500976,XM_006500976.2,XM_006500977,XM_006500977.3,XP_006501040,XP_006501040.1,dihydrolipoyl transacylase,mmu:13171,uc008rcg.2
Dlat	10090.ENSMUSP00000034567	Dihydrolipoamide S-acetyltransferase (E2 component of pyruvate dehydrogenase complex); The pyruvate dehydrogenase complex catalyzes the overall conversion of pyruvate to acetyl-CoA and CO(2), and thereby links the glycolytic pathway to the tricarboxylic cycle.	https://smart.embl.de/smart/DDvec.cgi?smart=642:Pfam_Biotin_lipoyl(91|164)+Pfam_Biotin_lipoyl(218|292)+Pfam_E3_binding(350|385)+Pfam_2-oxoacid_dh(412|642)+	2.3.1.12,235339,6332404G05Rik,AAH26680.1,AAH31495.1,AAH69862.1,AAL02400.1,AK032124,AY044265,BAC27715.1,BC026680,BC031495,BC069862,CCDS23168.1,DLTA,Dlat,Dlat-201,Dlat-202,Dlat-203,Dlat-204,Dlat-205,Dlat-206,EC 2.3.1.12,ENSMUSG00000000168,ENSMUSP00000034567,ENSMUST00000034567,ENSMUST00000034567.3,ENSMUST00000125919,ENSMUST00000125919.7,ENSMUST00000126933,ENSMUST00000126933.7,ENSMUST00000132455,ENSMUST00000132455.1,ENSMUST00000142275,ENSMUST00000142275.7,ENSMUST00000155417,ENSMUST00000155417.1,MGI:2385311,NM_145614,NM_145614.4,NP_663589,NP_663589.3,ODP2_MOUSE,PDC-E2,PDCE2,Pyruvate dehydrogenase complex component E2,Q8BMF4,Q8K2G8,Q8R339,Q91ZB1,R-MMU-1428517,R-MMU-1430728,R-MMU-162582,R-MMU-204174,R-MMU-389661,R-MMU-5362517,R-MMU-70268,R-MMU-71291,R-MMU-71406,R-MMU-9006931,UPI0000028141,mmu:235339,uc009pka.2
Dld	10090.ENSMUSP00000106481	Dihydrolipoyl dehydrogenase, mitochondrial; Lipoamide dehydrogenase is a component of the glycine cleavage system as well as an E3 component of three alpha-ketoacid dehydrogenase complexes (pyruvate-, alpha-ketoglutarate-, and branched- chain amino acid-dehydrogenase complex) (By similarity). The 2- oxoglutarate dehydrogenase complex is mainly active in the mitochondrion (By similarity). A fraction of the 2-oxoglutarate dehydrogenase complex also localizes in the nucleus and is required for lysine succinylation of histones: associates with KAT2A on chromatin and provides succinyl-CoA t [...] 	https://smart.embl.de/smart/DDvec.cgi?smart=509:Pfam_FAD_binding_2(43|83)+Pfam_Pyr_redox(215|298)+Pfam_Pyr_redox_dim(389|498)+	1.8.1.4,13382,AAC53170.1,AAH03368.1,AK117104,AK136193,AK153399,AK168875,BAE22867.1,BAE31961.1,BAE40693.1,BAE43405.1,BC003368,CCDS36428.1,CHEMBL2176826,DLDH_MOUSE,Dihydrolipoamide dehydrogenase,Dihydrolipoyl dehydrogenase, mitochondrial,Dld,Dld-201,Dld-202,Dld-203,Dld-204,EC 1.8.1.4,ENSMUSG00000020664,ENSMUSP00000002980,ENSMUSP00000106481,ENSMUST00000002980,ENSMUST00000110857,ENSMUST00000110857.4,ENSMUST00000218624,ENSMUST00000218624.1,ENSMUST00000219213,ENSMUST00000219213.1,ENSMUST00000220415,ENSMUST00000220415.1,MGI:107450,NM_007861,NM_007861.5,NP_031887,NP_031887.2,O08749,Q3TG55,Q3U5W5,Q3UWP7,Q99LD3,R-MMU-1428517,R-MMU-1430728,R-MMU-162582,R-MMU-204174,R-MMU-389661,R-MMU-5362517,R-MMU-6783984,R-MMU-70268,R-MMU-70895,R-MMU-71064,R-MMU-71291,R-MMU-71403,R-MMU-71406,R-MMU-9006931,U73445,UPI0000020CBB,dihydrolipoyl dehydrogenase,mmu:13382,uc007nhg.3
Dlst	10090.ENSMUSP00000060346	2-oxoglutarate dehydrogenase E2 component (dihydrolipoamide succinyltransferase); Dihydrolipoamide succinyltransferase (E2) component of the 2- oxoglutarate dehydrogenase complex (By similarity). The 2-oxoglutarate dehydrogenase complex catalyzes the overall conversion of 2- oxoglutarate to succinyl-CoA and CO(2) (By similarity). The 2- oxoglutarate dehydrogenase complex is mainly active in the mitochondrion. A fraction of the 2-oxoglutarate dehydrogenase complex also localizes in the nucleus and is required for lysine succinylation of histones: associates with KAT2A on chromatin and p [...] 	https://smart.embl.de/smart/DDvec.cgi?smart=454:Pfam_Biotin_lipoyl(72|144)+Pfam_2-oxoacid_dh(221|452)+	1600017E01Rik,2.3.1.61,4632413C10Rik,4930529O08Rik,78920,A0A1Y7VN44,AAH06702.1,AAH24066.1,AC127582,AK019713,AK054053,AK149664,AK158877,AK168570,AK169943,BAB31840.1,BAC35637.1,BAE29011.1,BAE34709.1,BAE40440.1,BAE41472.1,BC006702,BC024066,CAJ18405.1,CCDS26052.1,CHEMBL2176822,CT010197,DLTS,Dlst,Dlst-201,Dlst-202,Dlst-203,Dlst-204,Dlst-205,Dlst-206,Dlst-207,Dlst-208,Dlst-209,Dlst-210,Dlst-211,Dlst-212,Dlst-213,E2K,EC 2.3.1.61,ENSMUSG00000004789,ENSMUSP00000004911,ENSMUSP00000060346,ENSMUSP00000127134,ENSMUSP00000152235,ENSMUSP00000152664,ENSMUST00000004911,ENSMUST00000053811,ENSMUST00000053811.9,ENSMUST00000165575,ENSMUST00000220559,ENSMUST00000220559.1,ENSMUST00000220633,ENSMUST00000220633.1,ENSMUST00000221288,ENSMUST00000221288.1,ENSMUST00000221357,ENSMUST00000221357.1,ENSMUST00000221842,ENSMUST00000221842.1,ENSMUST00000222472,ENSMUST00000222472.1,ENSMUST00000222998,ENSMUST00000222998.1,ENSMUST00000223332,ENSMUST00000223332.1,ENSMUST00000223409,ENSMUST00000223409.1,ENSMUST00000223413,ENSMUST00000223413.1,ENSMUST00000223415,ENSMUST00000223415.1,ENSMUST00000223438,ENSMUST00000223438.1,MGI:1926170,NM_030225,NM_030225.4,NP_084501,NP_084501.1,ODO2_MOUSE,OGDC-E2,Q3UEA0,Q4FK55,Q8CIE8,Q9D2G2,R-MMU-1428517,R-MMU-1430728,R-MMU-389661,R-MMU-71064,R-MMU-71291,R-MMU-71403,R-MMU-71406,UPI0000020E2F,UPI000B3D7D79,XM_006516392,XM_006516392.3,XM_017315247,XM_017315247.1,XP_006516455,XP_006516455.1,mmu:78920,uc007ogj.2
Dpyd	10090.ENSMUSP00000039429	Dihydropyrimidine dehydrogenase [NADP(+)]; Involved in pyrimidine base degradation. Catalyzes the reduction of uracil and thymine (By similarity).	https://smart.embl.de/smart/DDvec.cgi?smart=1025:Pfam_Fer4_20(55|168)+Pfam_Pyr_redox_2(188|499)+Pfam_Dus(617|822)+Pfam_Fer4_21(946|1004)+	1.3.1.2,99586,A0A0G2JF48,AAH39699.1,AC110513,AC115012,AC115017,AC115935,AC116409,AC121544,AC122183,AC152401,AC161223,AI315208,BC039699,CCDS17797.1,DHPDHase,DPD,DPYD_MOUSE,Dihydropyrimidine dehydrogenase,Dihydropyrimidine dehydrogenase (NADP+),Dihydropyrimidine dehydrogenase [NADP(+)],Dihydrothymine dehydrogenase,Dihydrouracil dehydrogenase,Dpyd,Dpyd-201,Dpyd-202,Dpyd-203,Dpyd-204,Dpyd-205,Dpyd-206,E330028L06Rik,EC 1.3.1.2,ENSMUSG00000033308,ENSMUSP00000039429,ENSMUSP00000070739,ENSMUSP00000129058,ENSMUSP00000143022,ENSMUST00000039177,ENSMUST00000039177.11,ENSMUST00000070976,ENSMUST00000126254,ENSMUST00000126254.7,ENSMUST00000129148,ENSMUST00000129148.1,ENSMUST00000149101,ENSMUST00000149101.2,ENSMUST00000150950,ENSMUST00000150950.3,ENSMUST00000165462,ENSMUST00000200178,ENSMUST00000200178.1,MGI:2139667,NM_170778,NM_170778.2,NP_740748,NP_740748.1,Q8CHR6,R-MMU-1430728,R-MMU-15869,R-MMU-73621,R-MMU-8956319,UPI0000029810,UPI0000F4E03F,mmu:99586,uc008rdh.1
Fdx1	10090.ENSMUSP00000034552	Adrenodoxin, mitochondrial; Essential for the synthesis of various steroid hormones, participates in the reduction of mitochondrial cytochrome P450 for steroidogenesis. Transfers electrons from adrenodoxin reductase to CYP11A1, a cytochrome P450 that catalyzes cholesterol side-chain cleavage. Does not form a ternary complex with adrenodoxin reductase and CYP11A1 but shuttles between the two enzymes to transfer electrons. Belongs to the adrenodoxin/putidaredoxin family.	https://smart.embl.de/smart/DDvec.cgi?smart=188:Pfam_Fer2(76|161)+	14148,A0A1L1STP5,A0A1L1SU91,AAA74303.1,AAI32174.1,AAI32176.1,AC140363,ADRENODOXIN,ADX_MOUSE,AK004879,Adrenal ferredoxin,Adrenodoxin, mitochondrial,BAA07786.1,BAA07787.1,BAB23637.1,BC132173,BC132175,CCDS23178.1,CH466522,D43689,D43690,EDL25784.1,ENSMUSG00000032051,ENSMUSP00000034552,ENSMUSP00000096372,ENSMUSP00000150434,ENSMUSP00000150644,ENSMUST00000034552,ENSMUST00000034552.7,ENSMUST00000098775,ENSMUST00000214013,ENSMUST00000214013.1,ENSMUST00000214486,ENSMUST00000214486.1,Fdx1,Fdx1-201,Fdx1-202,Fdx1-203,Ferredoxin 1,Ferredoxin-1,Ferredoxin-1, mitochondrial,L29123,MGI:103224,NM_001301728,NM_001301728.1,NM_007996,NM_007996.2,NP_001288657,NP_001288657.1,NP_032022,NP_032022.1,P46656,Q545P3,R-MMU-1362409,R-MMU-1430728,R-MMU-196071,R-MMU-196108,R-MMU-211859,R-MMU-211897,R-MMU-211945,R-MMU-211976,R-MMU-2395516,R-MMU-556833,R-MMU-8957322,UPI0000003E9A,UPI0000D8B290,UPI0008FC1B6D,mmu:14148,uc009plo.2
Gls	10090.ENSMUSP00000110158	Glutaminase kidney isoform, mitochondrial 65 kDa chain; Catalyzes the first reaction in the primary pathway for the renal catabolism of glutamine. Plays a role in maintaining acid-base homeostasis. Regulates the levels of the neurotransmitter glutamate, the main excitatory neurotransmitter in the brain.	https://smart.embl.de/smart/DDvec.cgi?smart=674:Pfam_Glutaminase(249|535)+ANK(590|620)+ANK(624|653)+	14660,3.5.1.2,3SS3,3SS4,3SS5,4JKT,5W2J,6330442B14,AC123752,AI314027,AK173039,B230365M23Rik,BAD32317.1,CCDS35561.1,CCDS48256.1,D3Z7P3,D3Z7P4,E9PUF0,EC 3.5.1.2,ENSMUSG00000026103,ENSMUSP00000027273,ENSMUSP00000110154,ENSMUSP00000110155,ENSMUSP00000110157,ENSMUSP00000110158,ENSMUSP00000115358,ENSMUSP00000116901,ENSMUSP00000121408,ENSMUST00000027273,ENSMUST00000114509,ENSMUST00000114509.7,ENSMUST00000114510,ENSMUST00000114510.7,ENSMUST00000114512,ENSMUST00000114512.7,ENSMUST00000114513,ENSMUST00000114513.8,ENSMUST00000123324,ENSMUST00000123324.7,ENSMUST00000126221,ENSMUST00000126221.1,ENSMUST00000129107,ENSMUST00000129107.1,ENSMUST00000136654,ENSMUST00000136654.1,ENSMUST00000138906,ENSMUST00000138906.7,ENSMUST00000139273,ENSMUST00000139273.7,ENSMUST00000142976,ENSMUST00000142976.1,ENSMUST00000145514,ENSMUST00000145514.7,ENSMUST00000147825,ENSMUST00000147825.7,ENSMUST00000148917,ENSMUST00000148917.1,ENSMUST00000151694,ENSMUST00000151694.1,ENSMUST00000155587,ENSMUST00000155587.7,ENSMUST00000156887,ENSMUST00000156887.7,F6RDM4,F6U529,F7B327,GLS,GLSK_MOUSE,Gls,Gls-201,Gls-202,Gls-203,Gls-204,Gls-205,Gls-206,Gls-207,Gls-208,Gls-209,Gls-210,Gls-211,Gls-212,Gls-213,Gls-214,Gls-215,Gls-216,Gls-217,Gls1,Glutaminase,Glutaminase kidney isoform, mitochondrial,Kiaa0838,MGI:95752,NM_001081081,NM_001081081.2,NM_001113383,NM_001113383.1,NP_001074550,NP_001074550.1,NP_001106854,NP_001106854.1,Q69ZX9,R-MMU-112310,R-MMU-112315,R-MMU-112316,R-MMU-1430728,R-MMU-210500,R-MMU-212436,R-MMU-3700989,R-MMU-5628897,R-MMU-71291,R-MMU-73857,R-MMU-74160,R-MMU-8964539,UPI00001C2140,UPI0000F22060,UPI0000F22061,UPI0000F22062,UPI0000F22063,UPI0000F22064,XM_006495701,XM_006495701.3,XM_006495702,XM_006495702.1,XM_006495703,XM_006495703.3,XM_017316236,XM_017316236.1,XP_006495764,XP_006495764.1,XP_006495765,XP_006495765.1,XP_006495766,XP_006495766.1,XP_017171725,XP_017171725.1,XR_001781161,XR_001781161.1,XR_001781162,XR_001781162.1,mmu:14660,uc007aye.2,uc011wko.1
Isca2	10090.ENSMUSP00000021667	Iron-sulfur cluster assembly 2 homolog, mitochondrial; Involved in the maturation of mitochondrial 4Fe-4S proteins functioning late in the iron-sulfur cluster assembly pathway. May be involved in the binding of an intermediate of Fe/S cluster assembly. Belongs to the HesB/IscA family.	https://smart.embl.de/smart/DDvec.cgi?smart=154:Pfam_Fe-S_biosyn(49|148)+	0710001C05Rik,5730594E03Rik,74316,A0A1Y7VK19,A0A1Y7VLA3,A0A1Y7VM99,AC122310,AK002936,BAB22467.1,CCDS49111.1,CH466590,EDL02826.1,ENSMUSG00000021241,ENSMUSP00000021667,ENSMUSP00000152379,ENSMUSP00000152679,ENSMUSP00000152880,ENSMUST00000021667,ENSMUST00000021667.6,ENSMUST00000220726,ENSMUST00000220726.1,ENSMUST00000222022,ENSMUST00000222022.1,ENSMUST00000222136,ENSMUST00000222136.1,ENSMUST00000222166,ENSMUST00000222166.1,ENSMUST00000222449,ENSMUST00000222449.1,ENSMUST00000222818,ENSMUST00000222818.1,ENSMUST00000222982,ENSMUST00000222982.1,ENSMUST00000223089,ENSMUST00000223089.1,HESB-like domain-containing protein 1,Hbld1,ISCA2_MOUSE,Iron-sulfur cluster assembly 2,Isca2,Isca2-201,Isca2-202,Isca2-203,Isca2-204,Isca2-205,Isca2-206,Isca2-207,Isca2-208,Isca2-209,MGI:1921566,NM_028863,NM_028863.1,NP_083139,NP_083139.1,Q9DCB8,R-MMU-1362409,R-MMU-1430728,UPI00001C4EF7,UPI0000606A44,UPI000B3D7BB2,UPI000B3D7CC4,XM_006516296,XM_006516296.2,XM_006516297,XM_006516297.3,XM_006516298,XM_006516298.2,XP_006516359,XP_006516359.1,XP_006516360,XP_006516360.1,XP_006516361,XP_006516361.1,mmu:74316,uc007ofu.2
Lipt1	10090.ENSMUSP00000038739	Lipoyltransferase 1, mitochondrial; Catalyzes the transfer of the lipoyl group from lipoyl-AMP to the specific lysine residue of lipoyl domains of lipoate-dependent enzymes; Belongs to the LplA family.	http://smart.embl.de/smart/DDvec.cgi?smart=373:	2.3.1.-,623661,AAH19519.1,AC119189,BC019519,CCDS14895.1,D3Z093,D3Z2L3,D3Z7N1,EG623661,ENSMUSG00000037216,ENSMUSP00000038739,ENSMUSP00000115465,ENSMUSP00000119243,ENSMUSP00000122160,ENSMUST00000041621,ENSMUST00000041621.4,ENSMUST00000128085,ENSMUST00000128085.1,ENSMUST00000142670,ENSMUST00000142670.1,ENSMUST00000144440,ENSMUST00000144440.1,LIPT_MOUSE,Lipoate biosynthesis protein,Lipoate-protein ligase,Lipoyl ligase,Lipoyltransferase 1,Lipoyltransferase 1, mitochondrial,Lipt1,Lipt1-201,Lipt1-202,Lipt1-203,Lipt1-204,MGI:3645211,NM_001037918,NM_001037918.3,NP_001033007,NP_001033007.2,Q8VCM4,R-MMU-1430728,R-MMU-389661,R-MMU-71291,UPI0000025290,UPI0000F22059,UPI0000F2205A,UPI0003F48889,XM_006496174,XM_006496174.1,XM_006496175,XM_006496175.3,XM_006496176,XM_006496176.2,XM_006496177,XM_006496177.2,XM_006496178,XM_006496178.2,XP_006496237,XP_006496237.1,XP_006496238,XP_006496238.1,XP_006496239,XP_006496239.1,XP_006496240,XP_006496240.1,XP_006496241,XP_006496241.1,XP_030111582,XP_030111582.1,mmu:623661,uc007ash.2
Mtf1	10090.ENSMUSP00000030723	Metal regulatory transcription factor 1; Activates the metallothionein I promoter. Binds to the metal responsive element (MRE).	https://smart.embl.de/smart/DDvec.cgi?smart=675:ZnF_C2H2(139|163)+ZnF_C2H2(169|193)+ZnF_C2H2(199|223)+ZnF_C2H2(228|252)+ZnF_C2H2(258|282)+ZnF_C2H2(288|312)+	17764,A0A0G2JDC6,AAH17679.1,AJ251880,AL606933,B1ARW6,BC017679,CAA50470.1,CAB71344.1,CCDS18627.1,CH466552,EDL30350.1,ENSMUSG00000028890,ENSMUSP00000030723,ENSMUSP00000082307,ENSMUSP00000101797,ENSMUSP00000101799,ENSMUSP00000119352,ENSMUSP00000135260,ENSMUST00000030723,ENSMUST00000030723.2,ENSMUST00000085211,ENSMUST00000106191,ENSMUST00000106193,ENSMUST00000106193.7,ENSMUST00000138807,ENSMUST00000138807.7,ENSMUST00000147452,ENSMUST00000147452.1,ENSMUST00000175875,ENSMUST00000175875.1,MGI:101786,MRE-binding transcription factor,MTF-1,MTF1_MOUSE,Metal regulatory transcription factor 1,Mtf-1,Mtf1,Mtf1-201,Mtf1-202,Mtf1-203,Mtf1-204,Mtf1-205,NM_008636,NM_008636.4,NP_032662,NP_032662.3,Q07243,Q9JJW8,Thyls,Transcription factor MTF-1,UPI00000E74F2,UPI000059E0E2,UPI000246786D,X71327,metalloregulatory transcription factor,mmu:17764,uc008urb.2
Ndufb10	10090.ENSMUSP00000043543	NADH dehydrogenase [ubiquinone] 1 beta subcomplex subunit 10; Accessory subunit of the mitochondrial membrane respiratory chain NADH dehydrogenase (Complex I), that is believed not to be involved in catalysis. Complex I functions in the transfer of electrons from NADH to the respiratory chain. The immediate electron acceptor for the enzyme is believed to be ubiquinone.	https://smart.embl.de/smart/DDvec.cgi?smart=176:Pfam_NDUFB10(42|168)+	0610011B04Rik,22kDa,68342,6G2J,6G72,AAH31664.1,AAH43013.1,AC154566,AK002517,AK151404,BAB22156.1,BAE30371.1,BC031664,BC043013,CCDS28494.1,CI-PDSW,Complex I-PDSW,D3YUK4,ENSMUSG00000040048,ENSMUSP00000043543,ENSMUSP00000120091,ENSMUST00000045602,ENSMUST00000045602.8,ENSMUST00000129451,ENSMUST00000129451.1,ENSMUST00000135708,ENSMUST00000135708.1,ENSMUST00000141324,ENSMUST00000141324.7,ENSMUST00000144285,ENSMUST00000144285.1,ENSMUST00000147648,ENSMUST00000147648.1,MGI:1915592,NADH-ubiquinone oxidoreductase PDSW subunit,NADH:ubiquinone oxidoreductase subunit B10,NDUBA_MOUSE,NM_026684,NM_026684.2,NP_080960,NP_080960.1,Ndufb10,Ndufb10-201,Ndufb10-202,Ndufb10-203,Ndufb10-204,Ndufb10-205,Ndufb10-206,PDSW,Q3UAE3,Q9DCS9,R-MMU-1428517,R-MMU-1430728,R-MMU-163200,R-MMU-611105,R-MMU-6799198,UPI000000B2C4,UPI0001611639,mmu:68342,uc008ayd.1
Ndufb2	10090.ENSMUSP00000118918	NADH dehydrogenase [ubiquinone] 1 beta subcomplex subunit 2, mitochondrial; Accessory subunit of the mitochondrial membrane respiratory chain NADH dehydrogenase (Complex I), that is believed not to be involved in catalysis. Complex I functions in the transfer of electrons from NADH to the respiratory chain. The immediate electron acceptor for the enzyme is believed to be ubiquinone.	https://smart.embl.de/smart/DDvec.cgi?smart=105:Pfam_NADH_B2(37|104)+	1810011O01Rik,68198,6G2J,6G72,8kDa,AAH13510.1,AGGG,AI325567,AK007495,AK010642,AK019008,AK028334,BAB25068.1,BAB27084.1,BAB31508.1,BAC25887.1,BC013510,CCDS20025.1,CI-AGGG,Complex I-AGGG,ENSMUSG00000002416,ENSMUSP00000002490,ENSMUSP00000110450,ENSMUSP00000114095,ENSMUSP00000118918,ENSMUST00000002490,ENSMUST00000002490.6,ENSMUST00000114802,ENSMUST00000119379,ENSMUST00000119379.1,ENSMUST00000128064,ENSMUST00000128064.1,ENSMUST00000135239,ENSMUST00000135239.1,ENSMUST00000135671,ENSMUST00000135671.7,ENSMUST00000146793,ENSMUST00000146793.1,MGI:1915448,NADH-ubiquinone oxidoreductase AGGG subunit,NADH:ubiquinone oxidoreductase subunit B2,NDUB2_MOUSE,NM_026612,NM_026612.3,NP_080888,NP_080888.1,Ndufb2,Ndufb2-201,Ndufb2-202,Ndufb2-203,Ndufb2-204,Ndufb2-205,Ndufb2-206,Q9CPU2,R-MMU-1428517,R-MMU-1430728,R-MMU-163200,R-MMU-611105,R-MMU-6799198,UPI0000020C57,XM_006506529,XM_006506529.3,XP_006506592,XP_006506592.1,mmu:68198,uc009bmc.1
Ndufb6	10090.ENSMUSP00000092746	NADH dehydrogenase [ubiquinone] 1 beta subcomplex subunit 6; Accessory subunit of the mitochondrial membrane respiratory chain NADH dehydrogenase (Complex I), that is believed not to be involved in catalysis. Complex I functions in the transfer of electrons from NADH to the respiratory chain. The immediate electron acceptor for the enzyme is believed to be ubiquinone.	https://smart.embl.de/smart/DDvec.cgi?smart=128:Pfam_NDUF_B6(1|128)+	230075,6G2J,6G72,A2AP31,A2AP32,AAI47063.1,AAI47064.1,AK146762,AL831793,BAE27414.1,BC147062,BC147063,CCDS18045.1,CH466538,CI-B17,Complex I-B17,EDL05442.1,ENSMUSG00000071014,ENSMUSP00000092746,ENSMUSP00000103743,ENSMUST00000095128,ENSMUST00000095128.9,ENSMUST00000108108,ENSMUST00000108108.2,Gm137,LOC230075,MGI:2684983,NADH-ubiquinone oxidoreductase B17 subunit,NADH:ubiquinone oxidoreductase subunit B6,NDUB6_MOUSE,NM_001033305,NM_001033305.3,NP_001028477,NP_001028477.1,Ndufb6,Ndufb6-201,Ndufb6-202,Q3UIU2,R-MMU-1428517,R-MMU-1430728,R-MMU-163200,R-MMU-611105,R-MMU-6799198,UPI00001C2EFB,UPI00001F1BF1,mmu:230075,uc008shk.1
Ndufc2	10090.ENSMUSP00000032882	NADH dehydrogenase [ubiquinone] 1 subunit C2; Accessory subunit of the mitochondrial membrane respiratory chain NADH dehydrogenase (Complex I), that is believed not to be involved in catalysis. Complex I functions in the transfer of electrons from NADH to the respiratory chain. The immediate electron acceptor for the enzyme is believed to be ubiquinone.	https://smart.embl.de/smart/DDvec.cgi?smart=120:Pfam_NDUF_C2(8|120)+	1810004I06Rik,2010300P09Rik,68197,6G2J,6G72,A0A0U1RPJ5,AAH02097.1,AC155933,AK002373,AK008889,AK019002,AK153547,AK166594,AK168342,BAB22050.1,BAB25955.1,BAB31504.1,BAE32084.1,BAE38880.1,BAE40279.1,BC002097,CCDS21457.1,CI-B14.5b,Complex I-B14.5b,ENSMUSG00000030647,ENSMUSP00000032882,ENSMUSP00000146005,ENSMUST00000032882,ENSMUST00000032882.8,ENSMUST00000149122,ENSMUST00000149122.1,G1,MGI:1344370,NADH dehydrogenase (ubiquinone) 1 subunit C2,NADH dehydrogenase [ubiquinone] 1 subunit C2,NADH-ubiquinone oxidoreductase subunit B14.5b,NADH:ubiquinone oxidoreductase subunit C2,NDUC2_MOUSE,NM_024220,NM_024220.2,NP_077182,NP_077182.1,Ndufc2,Ndufc2-201,Ndufc2-202,Q3TLB2,Q9CQ54,R-MMU-1428517,R-MMU-1430728,R-MMU-163200,R-MMU-168249,R-MMU-168256,R-MMU-611105,R-MMU-6798695,R-MMU-6799198,R75094,UPI000002356E,UPI000719A392,mmu:68197,uc009ijd.2
Nfe2l2	10090.ENSMUSP00000099733	Nuclear factor erythroid 2-related factor 2; Transcription factor that plays a key role in the response to oxidative stress: binds to antioxidant response (ARE) elements present in the promoter region of many cytoprotective genes, such as phase 2 detoxifying enzymes, and promotes their expression, thereby neutralizing reactive electrophiles. In normal conditions, ubiquitinated and degraded in the cytoplasm by the BCR(KEAP1) complex. In response to oxidative stress, electrophile metabolites inhibit activity of the BCR(KEAP1) complex, promoting nuclear accumulation of NFE2L2/NRF2, hetero [...] 	https://smart.embl.de/smart/DDvec.cgi?smart=597:BRLZ(487|551)+	18024,1X2R,2DYH,3WN7,AAA68291.1,AAC52983.1,AAH26943.1,AK142347,AL772404,BAE25040.1,BC026943,CCDS16150.1,CHEMBL1075148,ENSMUSG00000015839,ENSMUSP00000015983,ENSMUSP00000099733,ENSMUST00000015983,ENSMUST00000102672,ENSMUST00000102672.4,ENSMUST00000152371,ENSMUST00000152371.1,MGI:108420,NF-E2-related factor 2,NF2L2_MOUSE,NFE2-related factor 2,NM_010902,NM_010902.4,NP_035032,NP_035032.1,NR_132727,NR_132727.1,Nfe2l2,Nfe2l2-201,Nfe2l2-202,Nrf2,Nuclear factor erythroid 2-related factor 2,Nuclear factor, erythroid derived 2, like 2,Q3UQK0,Q60795,U20532,U70474,U70475,UPI0000001A30,mmu:18024,uc008keq.1
Nlrp3	10090.ENSMUSP00000098707	NACHT, LRR and PYD domains-containing protein 3; As the sensor component of the NLRP3 inflammasome, plays a crucial role in innate immunity and inflammation. In response to pathogens and other damage-associated signals, initiates the formation of the inflammasome polymeric complex, made of NLRP3, PYCARD and CASP1 (or possibly CASP4/CASP11). Recruitment of proCASP1 to the inflammasome promotes its activation and CASP1-catalyzed IL1B and IL18 maturation and secretion in the extracellular milieu. Activation of NLRP3 inflammasome is also required for HMGB1 secretion. The active cytokines a [...] 	https://smart.embl.de/smart/DDvec.cgi?smart=1033:PYRIN(4|87)+FISNA(135|206)+Pfam_NACHT(216|385)+LRR_RI(737|764)+LRR(766|793)+LRR(794|821)+LRR(823|850)+LRR(851|878)+LRR(880|907)+LRR(908|935)+LRR(937|964)+LRR(965|992)+	216799,AAI16175.1,AAI16176.1,AAL90874.1,AAR03540.1,AAR03541.1,AAR03542.1,AAR03543.1,AAR14737.1,AAS75794.1,AAS75795.1,AF486632,AGTAVPRL,AGU01502.1,AII/AVP,AL592522,AY337285,AY337286,AY337287,AY337288,AY337289,AY337290,AY337291,AY337292,AY337293,AY337294,AY337295,AY337296,AY337297,AY337298,AY337299,AY337300,AY337301,AY337302,AY337303,AY337304,AY337305,AY337306,AY355340,AY495376,AY495377,BC116174,BC116175,CCDS24771.1,CHEMBL3779755,Cias1,Cold autoinflammatory syndrome 1 protein homolog,Cryopyrin,ENSMUSG00000032691,ENSMUSP00000044691,ENSMUSP00000078440,ENSMUSP00000098706,ENSMUSP00000098707,ENSMUSP00000104389,ENSMUSP00000114231,ENSMUST00000048373,ENSMUST00000079476,ENSMUST00000079476.9,ENSMUST00000101147,ENSMUST00000101148,ENSMUST00000101148.8,ENSMUST00000108758,ENSMUST00000149126,ENSMUST00000149126.1,FCAS,FCU,KF032621,MGI:2653833,MWS,Mmig1,NACHT, LRR and PYD domains-containing protein 3,NALP3,NLR family, pyrin domain containing 3,NLRP3_MOUSE,NM_001359638,NM_001359638.1,NM_145827,NM_145827.3,NP_665826,NP_665826.1,Nalp3,Nlrp3,Nlrp3-201,Nlrp3-202,Nlrp3-203,PYRIN-containing APAF1-like protein 1,Pypaf1,Q1JQ87,Q1JQ88,Q5SXI6,Q6JEL0,Q8R4B8,R-MMU-168249,R-MMU-168256,R-MMU-168643,R-MMU-392499,R-MMU-5688426,R-MMU-5689901,R-MMU-597592,R-MMU-622312,R-MMU-844456,T1W2H6,UPI0000026B43,UPI000047044B,XM_006532857,XM_006532857.1,XM_006532858,XM_006532858.1,XP_006532920,XP_006532920.1,XP_006532921,XP_006532921.1,XR_388400,XR_388400.1,cryopyrin,mmu:216799,uc007jeh.1
Pdha1	10090.ENSMUSP00000033662	Pyruvate dehydrogenase E1 component subunit alpha, somatic form, mitochondrial; The pyruvate dehydrogenase complex catalyzes the overall conversion of pyruvate to acetyl-CoA and CO(2), and thereby links the glycolytic pathway to the tricarboxylic cycle.	https://smart.embl.de/smart/DDvec.cgi?smart=390:Pfam_E1_dh(66|362)+	1.2.4.1,18597,AAA53046.1,AAH07142.1,AK145718,AK148459,AK167987,AK168152,AK169289,BAE26608.1,BAE28567.1,BAE39978.1,BAE40117.1,BAE41046.1,BC007142,CCDS41195.1,CH466571,EC 1.2.4.1,EDL40808.1,ENSMUSG00000031299,ENSMUSP00000033662,ENSMUST00000033662,ENSMUST00000033662.8,ENSMUST00000126440,ENSMUST00000126440.1,ENSMUST00000127535,ENSMUST00000127535.1,ENSMUST00000156531,ENSMUST00000156531.1,M76727,MGI:97532,NM_008810,NM_008810.3,NP_032836,NP_032836.1,ODPA_MOUSE,P35486,PDHE1-A type I,Pdha-1,Pdha1,Pdha1-201,Pdha1-202,Pdha1-203,Pdha1-204,Pyruvate dehydrogenase E1 alpha 1,Q3UFJ3,R-MMU-1428517,R-MMU-1430728,R-MMU-162582,R-MMU-204174,R-MMU-389661,R-MMU-5362517,R-MMU-70268,R-MMU-71291,R-MMU-71406,R-MMU-9006931,UPI00000018B6,mmu:18597,uc009utc.1
Pdhb	10090.ENSMUSP00000022268	Pyruvate dehydrogenase E1 component subunit beta, mitochondrial; The pyruvate dehydrogenase complex catalyzes the overall conversion of pyruvate to acetyl-CoA and CO(2), and thereby links the glycolytic pathway to the tricarboxylic cycle.	https://smart.embl.de/smart/DDvec.cgi?smart=359:Transket_pyr(33|208)+Pfam_Transketolase_C(226|349)+	1.2.4.1,2610103L06Rik,68263,AAH02188.1,AAH19512.1,AAH94468.1,AK011810,AK153058,AK166631,AL024199,BAB27855.1,BAE31684.1,BAE38906.1,BC002188,BC019512,BC094468,C81408,CCDS36800.1,EC 1.2.4.1,ENSMUSG00000021748,ENSMUSP00000022268,ENSMUST00000022268,ENSMUST00000022268.9,ENSMUST00000224466,ENSMUST00000224466.1,ENSMUST00000224690,ENSMUST00000224690.1,ENSMUST00000224864,ENSMUST00000224864.1,ENSMUST00000225274,ENSMUST00000225274.1,ENSMUST00000225735,ENSMUST00000225735.1,ENSMUST00000225747,ENSMUST00000225747.1,MGI:1915513,NM_024221,NM_024221.3,NP_077183,NP_077183.1,ODPB_MOUSE,PDHE1-B,Pdhb,Pdhb-201,Pdhb-202,Pdhb-203,Pdhb-204,Pdhb-205,Pdhb-206,Pdhb-207,Pyruvate dehydrogenase (lipoamide) beta,Pyruvate dehydrogenase E1 component beta subunit,Q3TL86,Q505N8,Q99LW9,Q9D051,R-MMU-1428517,R-MMU-1430728,R-MMU-162582,R-MMU-204174,R-MMU-389661,R-MMU-5362517,R-MMU-70268,R-MMU-71291,R-MMU-71406,R-MMU-9006931,UPI0000021CE1,XM_030247984,XM_030247984.1,XP_030103844,XP_030103844.1,mmu:68263,uc007sev.1
Pold1	10090.ENSMUSP00000039776	DNA polymerase delta catalytic subunit; As the catalytic component of the trimeric (Pol-delta3 complex) and tetrameric DNA polymerase delta complexes (Pol-delta4 complex), plays a crucial role in high fidelity genome replication, including in lagging strand synthesis, and repair. Exhibits both DNA polymerase and 3'- to 5'-exonuclease activities. Requires the presence of accessory proteins POLD2, POLD3 and POLD4 for full activity. Depending upon the absence (Pol-delta3) or the presence of POLD4 (Pol- delta4), displays differences in catalytic activity. Most notably, expresses higher pro [...] 	https://smart.embl.de/smart/DDvec.cgi?smart=1105:POLBc(306|763)+Pfam_zf-C4pol(1010|1080)+	125kDa,18971,2.7.7.7,3'-5' exodeoxyribonuclease,3.1.11.-,AAB99910.1,AC149607,AF024570,AK167569,AK168967,AK169040,BAE39632.1,BAE40772.1,BAE40829.1,CAA79895.1,CCDS21210.1,D3YVY8,D6RFB8,DNA polymerase delta catalytic subunit,DNA polymerase delta subunit 1,DPOD1_MOUSE,EC 2.7.7.7,ENSMUSG00000038644,ENSMUSP00000039776,ENSMUSP00000117157,ENSMUSP00000117844,ENSMUST00000049343,ENSMUST00000049343.14,ENSMUST00000123787,ENSMUST00000131302,ENSMUST00000132268,ENSMUST00000132268.1,ENSMUST00000136225,ENSMUST00000136225.7,ENSMUST00000138746,ENSMUST00000138746.7,ENSMUST00000141742,ENSMUST00000141742.7,ENSMUST00000142483,ENSMUST00000145956,ENSMUST00000145956.1,ENSMUST00000147503,ENSMUST00000147503.1,ENSMUST00000151793,ENSMUST00000151793.7,ENSMUST00000154783,ENSMUST00000154783.7,MGI:97741,NM_011131,NM_011131.3,NP_035261,NP_035261.3,O54883,P52431,Pold1,Pold1-201,Pold1-202,Pold1-203,Pold1-204,Pold1-205,Pold1-206,Pold1-207,Pold1-208,Pold1-209,Q3TFX6,R-MMU-110313,R-MMU-110314,R-MMU-110373,R-MMU-157579,R-MMU-1640170,R-MMU-174411,R-MMU-174414,R-MMU-174417,R-MMU-174437,R-MMU-180786,R-MMU-5358508,R-MMU-5358565,R-MMU-5358606,R-MMU-5651801,R-MMU-5656169,R-MMU-5685942,R-MMU-5693532,R-MMU-5693538,R-MMU-5693567,R-MMU-5696397,R-MMU-5696398,R-MMU-5696399,R-MMU-5696400,R-MMU-6781827,R-MMU-6782135,R-MMU-6782210,R-MMU-69091,R-MMU-69109,R-MMU-69166,R-MMU-69183,R-MMU-69186,R-MMU-69190,R-MMU-69239,R-MMU-69242,R-MMU-69278,R-MMU-69306,R-MMU-73884,R-MMU-73886,R-MMU-73893,R-MMU-73894,R-MMU-73933,UPI0000026ED9,UPI000161194F,UPI0001611950,XP_030098080,XP_030098080.1,Z21848,mmu:18971,uc009gpx.2
Ppat	10090.ENSMUSP00000120632	Amidophosphoribosyltransferase; In the C-terminal section; belongs to the purine/pyrimidine phosphoribosyltransferase family.	https://smart.embl.de/smart/DDvec.cgi?smart=517:Pfam_GATase_6(74|216)+Pfam_Pribosyltran(309|420)+	2.4.2.14,231327,5730454C12Rik,AA408689,AA675351,AAH23841.1,AC114666,AI507113,ATase,Amidophosphoribosyltransferase,BC023841,C44.001,C79945,CCDS51527.1,CH466524,D6RHB8,EC 2.4.2.14,EDL37915.1,ENSMUSG00000029246,ENSMUSP00000031158,ENSMUSP00000116438,ENSMUSP00000120632,ENSMUST00000031158,ENSMUST00000031158.8,ENSMUST00000140076,ENSMUST00000140076.1,ENSMUST00000155272,ENSMUST00000155272.7,MGI:2387203,NM_172146,NM_172146.2,NP_742158,NP_742158.1,Phosphoribosyl pyrophosphate amidotransferase,Ppat,Ppat-201,Ppat-202,Ppat-203,Q8CIH9,Q8CIH9_MOUSE,R-MMU-1430728,R-MMU-15869,R-MMU-73817,R-MMU-8956320,UPI0000023149,UPI00001F2E9A,mmu:231327,uc008xvl.2
Sdhb	10090.ENSMUSP00000010007	Succinate dehydrogenase [ubiquinone] iron-sulfur subunit, mitochondrial; Iron-sulfur protein (IP) subunit of succinate dehydrogenase (SDH) that is involved in complex II of the mitochondrial electron transport chain and is responsible for transferring electrons from succinate to ubiquinone (coenzyme Q).	https://smart.embl.de/smart/DDvec.cgi?smart=282:Pfam_Fer2_3(43|150)+Pfam_Fer4_8(184|259)+	0710008N11Rik,1.3.5.1,67680,AAH13509.1,AAH51934.1,AK003052,AK003533,AK009660,AK153045,AK169252,BAB22534.1,BAB22842.1,BAB26422.1,BAE31674.1,BAE41016.1,BC013509,BC051934,CCDS18858.1,EC 1.3.5.1,ENSMUSG00000009863,ENSMUSP00000010007,ENSMUST00000010007,ENSMUST00000010007.8,ENSMUST00000125780,ENSMUST00000125780.1,ENSMUST00000129181,ENSMUST00000129181.7,Ip,Iron-sulfur subunit of complex II,MGI:1914930,NM_001355515,NM_001355515.1,NM_023374,NM_023374.3,NP_075863,NP_075863.2,Q3TF82,Q9CQA3,Q9DC91,R-MMU-1428517,R-MMU-1430728,R-MMU-71403,R-MMU-71406,SDHB_MOUSE,Sdhb,Sdhb-201,Sdhb-202,Sdhb-203,UPI000002115D,XM_006539128,XM_006539128.1,mmu:67680,uc008vnl.1
Slc31a1	10090.ENSMUSP00000081574	High affinity copper uptake protein 1; High-affinity, saturable copper transporter involved in dietary copper uptake.	https://smart.embl.de/smart/DDvec.cgi?smart=196:Pfam_Ctr(51|181)+	20529,4930445G01Rik,A8Y5P1,AAH34674.1,AAH58227.1,AI787263,AK046835,AK151337,AL732548,AU016967,BAC32891.1,BAE30315.1,BC034674,BC058227,CCDS18237.1,COPT1_MOUSE,CTR1,Copper transporter 1,Ctr1,ENSMUSG00000066150,ENSMUSP00000081574,ENSMUSP00000112822,ENSMUST00000084526,ENSMUST00000084526.11,ENSMUST00000122092,ENSMUST00000122092.1,High affinity copper uptake protein 1,MGI:1333843,NM_175090,NM_175090.4,NP_780299,NP_780299.2,Q3UAJ9,Q8BXJ1,Q8K211,R-MMU-382551,R-MMU-425366,R-MMU-425407,R-MMU-425410,Slc31a1,Slc31a1-201,Slc31a1-202,Solute carrier family 31 member 1,Solute carrier family 31, member 1,UPI000005D89B,UPI00015F3B6B,XM_006537711,XM_006537711.2,XP_006537774,XP_006537774.1,mmu:20529,uc008ten.2
