#node	identifier	node_degree
Aco2	10090.ENSMUSP00000023116	9
Atp7b	10090.ENSMUSP00000006742	2
Dbt	10090.ENSMUSP00000000349	7
Dlat	10090.ENSMUSP00000034567	9
Dld	10090.ENSMUSP00000106481	11
Dlst	10090.ENSMUSP00000060346	9
Dpyd	10090.ENSMUSP00000039429	1
Fdx1	10090.ENSMUSP00000034552	3
Gls	10090.ENSMUSP00000110158	2
Isca2	10090.ENSMUSP00000021667	4
Lipt1	10090.ENSMUSP00000038739	7
Mtf1	10090.ENSMUSP00000030723	2
Ndufb10	10090.ENSMUSP00000043543	10
Ndufb2	10090.ENSMUSP00000118918	4
Ndufb6	10090.ENSMUSP00000092746	6
Ndufc2	10090.ENSMUSP00000032882	6
Nfe2l2	10090.ENSMUSP00000099733	1
Nlrp3	10090.ENSMUSP00000098707	1
Pdha1	10090.ENSMUSP00000033662	9
Pdhb	10090.ENSMUSP00000022268	11
Pold1	10090.ENSMUSP00000039776	0
Ppat	10090.ENSMUSP00000120632	2
Sdhb	10090.ENSMUSP00000010007	12
Slc31a1	10090.ENSMUSP00000081574	2
