#node	identifier	x_position	y_position	color	annotation
Aco2	10090.ENSMUSP00000023116	0.27707692307692305	0.2911214953271028	rgb(239,239,117)	Aconitate hydratase, mitochondrial; Catalyzes the isomerization of citrate to isocitrate via cis- aconitate; Belongs to the aconitase/IPM isomerase family.
Atp7b	10090.ENSMUSP00000006742	0.6232307692307693	0.6266355140186917	rgb(215,239,117)	Copper-transporting ATPase 2; Copper ion transmembrane transporter involved in the export of copper out of the cells, such as the efflux of hepatic copper into the bile.
Dbt	10090.ENSMUSP00000000349	0.43676923076923074	0.49299065420560745	rgb(178,171,0)	2-oxoisovalerate dehydrogenase E2 component (dihydrolipoyl transacylase); The branched-chain alpha-keto dehydrogenase complex catalyzes the overall conversion of alpha-keto acids to acyl-CoA and CO(2). It contains multiple copies of three enzymatic components: branched-chain alpha-keto acid decarboxylase (E1), lipoamide acyltransferase (E2) and lipoamide dehydrogenase (E3). Within this complex, the catalytic function of this enzyme is to accept, and to transfer to coenzyme A, acyl groups that are generated by the branched-chain alpha-keto acid decarboxylase component.
Dlat	10090.ENSMUSP00000034567	0.27061538461538465	0.4518691588785047	rgb(190,239,117)	Dihydrolipoamide S-acetyltransferase (E2 component of pyruvate dehydrogenase complex); The pyruvate dehydrogenase complex catalyzes the overall conversion of pyruvate to acetyl-CoA and CO(2), and thereby links the glycolytic pathway to the tricarboxylic cycle.
Dld	10090.ENSMUSP00000106481	0.3629230769230769	0.5154205607476635	rgb(239,141,117)	Dihydrolipoyl dehydrogenase, mitochondrial; Lipoamide dehydrogenase is a component of the glycine cleavage system as well as an E3 component of three alpha-ketoacid dehydrogenase complexes (pyruvate-, alpha-ketoglutarate-, and branched- chain amino acid-dehydrogenase complex) (By similarity). The 2- oxoglutarate dehydrogenase complex is mainly active in the mitochondrion (By similarity). A fraction of the 2-oxoglutarate dehydrogenase complex also localizes in the nucleus and is required for lysine succinylation of histones: associates with KAT2A on chromatin and provides succinyl-CoA t [...] 
Dlst	10090.ENSMUSP00000060346	0.3398461538461538	0.34065420560747667	rgb(117,239,141)	2-oxoglutarate dehydrogenase E2 component (dihydrolipoamide succinyltransferase); Dihydrolipoamide succinyltransferase (E2) component of the 2- oxoglutarate dehydrogenase complex (By similarity). The 2-oxoglutarate dehydrogenase complex catalyzes the overall conversion of 2- oxoglutarate to succinyl-CoA and CO(2) (By similarity). The 2- oxoglutarate dehydrogenase complex is mainly active in the mitochondrion. A fraction of the 2-oxoglutarate dehydrogenase complex also localizes in the nucleus and is required for lysine succinylation of histones: associates with KAT2A on chromatin and p [...] 
Dpyd	10090.ENSMUSP00000039429	0.31769230769230766	0.9079439252336449	rgb(239,166,117)	Dihydropyrimidine dehydrogenase [NADP(+)]; Involved in pyrimidine base degradation. Catalyzes the reduction of uracil and thymine (By similarity).
Fdx1	10090.ENSMUSP00000034552	0.4016923076923077	0.09672897196261683	rgb(101,255,163)	Adrenodoxin, mitochondrial; Essential for the synthesis of various steroid hormones, participates in the reduction of mitochondrial cytochrome P450 for steroidogenesis. Transfers electrons from adrenodoxin reductase to CYP11A1, a cytochrome P450 that catalyzes cholesterol side-chain cleavage. Does not form a ternary complex with adrenodoxin reductase and CYP11A1 but shuttles between the two enzymes to transfer electrons. Belongs to the adrenodoxin/putidaredoxin family.
Gls	10090.ENSMUSP00000110158	0.3435384615384615	0.6911214953271029	rgb(255,175,101)	Glutaminase kidney isoform, mitochondrial 65 kDa chain; Catalyzes the first reaction in the primary pathway for the renal catabolism of glutamine. Plays a role in maintaining acid-base homeostasis. Regulates the levels of the neurotransmitter glutamate, the main excitatory neurotransmitter in the brain.
Isca2	10090.ENSMUSP00000021667	0.33061538461538464	0.16495327102803736	rgb(117,239,190)	Iron-sulfur cluster assembly 2 homolog, mitochondrial; Involved in the maturation of mitochondrial 4Fe-4S proteins functioning late in the iron-sulfur cluster assembly pathway. May be involved in the binding of an intermediate of Fe/S cluster assembly. Belongs to the HesB/IscA family.
Lipt1	10090.ENSMUSP00000038739	0.22815384615384615	0.3864485981308411	rgb(117,239,117)	Lipoyltransferase 1, mitochondrial; Catalyzes the transfer of the lipoyl group from lipoyl-AMP to the specific lysine residue of lipoyl domains of lipoate-dependent enzymes; Belongs to the LplA family.
Mtf1	10090.ENSMUSP00000030723	0.5161538461538462	0.6266355140186917	rgb(117,239,166)	Metal regulatory transcription factor 1; Activates the metallothionein I promoter. Binds to the metal responsive element (MRE).
Ndufb10	10090.ENSMUSP00000043543	0.48292307692307695	0.23878504672897194	rgb(239,190,117)	NADH dehydrogenase [ubiquinone] 1 beta subcomplex subunit 10; Accessory subunit of the mitochondrial membrane respiratory chain NADH dehydrogenase (Complex I), that is believed not to be involved in catalysis. Complex I functions in the transfer of electrons from NADH to the respiratory chain. The immediate electron acceptor for the enzyme is believed to be ubiquinone.
Ndufb2	10090.ENSMUSP00000118918	0.6426153846153847	0.35373831775700937	rgb(141,239,117)	NADH dehydrogenase [ubiquinone] 1 beta subcomplex subunit 2, mitochondrial; Accessory subunit of the mitochondrial membrane respiratory chain NADH dehydrogenase (Complex I), that is believed not to be involved in catalysis. Complex I functions in the transfer of electrons from NADH to the respiratory chain. The immediate electron acceptor for the enzyme is believed to be ubiquinone.
Ndufb6	10090.ENSMUSP00000092746	0.5918461538461539	0.28177570093457943	rgb(239,215,117)	NADH dehydrogenase [ubiquinone] 1 beta subcomplex subunit 6; Accessory subunit of the mitochondrial membrane respiratory chain NADH dehydrogenase (Complex I), that is believed not to be involved in catalysis. Complex I functions in the transfer of electrons from NADH to the respiratory chain. The immediate electron acceptor for the enzyme is believed to be ubiquinone.
Ndufc2	10090.ENSMUSP00000032882	0.5743076923076923	0.4313084112149533	rgb(150,101,255)	NADH dehydrogenase [ubiquinone] 1 subunit C2; Accessory subunit of the mitochondrial membrane respiratory chain NADH dehydrogenase (Complex I), that is believed not to be involved in catalysis. Complex I functions in the transfer of electrons from NADH to the respiratory chain. The immediate electron acceptor for the enzyme is believed to be ubiquinone.
Nfe2l2	10090.ENSMUSP00000099733	0.6601538461538462	0.6957943925233646	rgb(255,0,0)	Nuclear factor erythroid 2-related factor 2; Transcription factor that plays a key role in the response to oxidative stress: binds to antioxidant response (ARE) elements present in the promoter region of many cytoprotective genes, such as phase 2 detoxifying enzymes, and promotes their expression, thereby neutralizing reactive electrophiles. In normal conditions, ubiquitinated and degraded in the cytoplasm by the BCR(KEAP1) complex. In response to oxidative stress, electrophile metabolites inhibit activity of the BCR(KEAP1) complex, promoting nuclear accumulation of NFE2L2/NRF2, hetero [...] 
Nlrp3	10090.ENSMUSP00000098707	0.7653846153846154	0.6799065420560748	rgb(14,178,0)	NACHT, LRR and PYD domains-containing protein 3; As the sensor component of the NLRP3 inflammasome, plays a crucial role in innate immunity and inflammation. In response to pathogens and other damage-associated signals, initiates the formation of the inflammasome polymeric complex, made of NLRP3, PYCARD and CASP1 (or possibly CASP4/CASP11). Recruitment of proCASP1 to the inflammasome promotes its activation and CASP1-catalyzed IL1B and IL18 maturation and secretion in the extracellular milieu. Activation of NLRP3 inflammasome is also required for HMGB1 secretion. The active cytokines a [...] 
Pdha1	10090.ENSMUSP00000033662	0.3463076923076923	0.4275700934579439	rgb(239,117,117)	Pyruvate dehydrogenase E1 component subunit alpha, somatic form, mitochondrial; The pyruvate dehydrogenase complex catalyzes the overall conversion of pyruvate to acetyl-CoA and CO(2), and thereby links the glycolytic pathway to the tricarboxylic cycle.
Pdhb	10090.ENSMUSP00000022268	0.4238461538461539	0.3733644859813084	rgb(187,255,101)	Pyruvate dehydrogenase E1 component subunit beta, mitochondrial; The pyruvate dehydrogenase complex catalyzes the overall conversion of pyruvate to acetyl-CoA and CO(2), and thereby links the glycolytic pathway to the tricarboxylic cycle.
Pold1	10090.ENSMUSP00000039776	0.5161538461538462	0.7163551401869159	rgb(166,239,117)	DNA polymerase delta catalytic subunit; As the catalytic component of the trimeric (Pol-delta3 complex) and tetrameric DNA polymerase delta complexes (Pol-delta4 complex), plays a crucial role in high fidelity genome replication, including in lagging strand synthesis, and repair. Exhibits both DNA polymerase and 3'- to 5'-exonuclease activities. Requires the presence of accessory proteins POLD2, POLD3 and POLD4 for full activity. Depending upon the absence (Pol-delta3) or the presence of POLD4 (Pol- delta4), displays differences in catalytic activity. Most notably, expresses higher pro [...] 
Ppat	10090.ENSMUSP00000120632	0.3333846153846154	0.8004672897196262	rgb(101,199,255)	Amidophosphoribosyltransferase; In the C-terminal section; belongs to the purine/pyrimidine phosphoribosyltransferase family.
Sdhb	10090.ENSMUSP00000010007	0.48753846153846153	0.3275700934579439	rgb(0,28,178)	Succinate dehydrogenase [ubiquinone] iron-sulfur subunit, mitochondrial; Iron-sulfur protein (IP) subunit of succinate dehydrogenase (SDH) that is involved in complex II of the mitochondrial electron transport chain and is responsible for transferring electrons from succinate to ubiquinone (coenzyme Q).
Slc31a1	10090.ENSMUSP00000081574	0.5706153846153846	0.5341121495327102	rgb(0,178,157)	High affinity copper uptake protein 1; High-affinity, saturable copper transporter involved in dietary copper uptake.
